search URL:,https://patents.google.com/?assignee=OMRIX+BIOPHARMACEUTICALS+INC
id,title,assignee,inventor/author,priority date,filing/creation date,publication date,grant date,result link,representative figure link
CA-2584698-C,A reinforced absorbable multilayered hemostatic wound dressing and method of making ,"Ethicon, Inc., Omrix Biopharmaceuticals, Inc., Anne Jessica Gorman, Sanyog Manohar Pendharkar, Guanghui Zhang, Lilliana Bar, Israel Nur, Roberto Meidler","Anne Jessica Gorman, Sanyog Manohar Pendharkar, Guanghui Zhang, Lilliana Bar, Israel Nur, Roberto Meidler",2004-10-20,2005-10-17,2014-02-25,2014-02-25,https://patents.google.com/patent/CA2584698C/en,
US-8563288-B2,Removal of plasmin or plasminogen from cryoprecipitate ,Omrix Biopharmaceuticals Inc.,"Israel Nur, Liliana Bar, Malkit Azachi",2001-05-21,2008-10-29,2013-10-22,2013-10-22,https://patents.google.com/patent/US8563288B2/en,https://patentimages.storage.googleapis.com/1e/e3/04/3f670c0d2f991c/US08563288-20131022-D00001.png
US-6468733-B2,Method of the inactivation of viruses by a solvent-detergent combination and nanofiltration ,Omrix Biopharmaceuticals Inc.,"Israel Nur, Liliana Bar",2000-06-05,2001-04-27,2002-10-22,2002-10-22,https://patents.google.com/patent/US6468733B2/en,https://patentimages.storage.googleapis.com/US6468733B2/US06468733-20021022-D00001.png
US-2009246238-A1,Reinforced absorbable multilayered hemostatic wound dressing ,"Anne Jessica Gorman, Sanyog Manohar Pendharkar","Anne Jessica Gorman, Sanyog Manohar Pendharkar",2004-10-20,2009-03-09,2009-10-01,,https://patents.google.com/patent/US20090246238A1/en,https://patentimages.storage.googleapis.com/US20090246238A1/US20090246238A1-20091001-D00000.png
WO-2007017859-A1,Intravenous immunoglobulin composition ,Omrix Biopharmaceuticals Ltd.,"Israel Nur, Liliana Bar, Orgad Laub",2005-08-11,2006-07-06,2007-02-15,,https://patents.google.com/patent/WO2007017859A1/en,
US-10040869-B2,Molecules mimicking an autoantibody idiotype and compositions containing same ,Omrix Biopharmaceuticals Ltd.,"Israel Nur, Yehuda Shoenfeld, Miri Blank",2002-05-28,2013-05-26,2018-08-07,2018-08-07,https://patents.google.com/patent/US10040869B2/en,https://patentimages.storage.googleapis.com/0d/f7/41/195082447dacd5/US10040869-20180807-D00001.png
EP-2124063-B1,Protein assay ,"Ethicon, Inc., Omrix Biopharmaceuticals Inc.","Ashley De Anglis, Roberto Meidler, Anne Gorman, Liliana Bar, Israel Nur",2008-05-22,2009-05-21,2012-06-20,2012-06-20,https://patents.google.com/patent/EP2124063B1/en,https://patentimages.storage.googleapis.com/29/68/69/b4d8b2b73080a1/imgf0001.png
EP-2282847-B1,Process for coating a porous substrate with a coating liquid ,"Ethicon, Inc., Omrix Biopharmaceuticals Inc.","Clifford Dey, Markus Bohn, Dwayne Looney, Hans-Steffen SCHACHT, Ashley P. Deanglis, Robert W. Van Holten, Gerard Llanos, Avner BRANDES",2008-05-22,2008-05-22,2015-09-23,2015-09-23,https://patents.google.com/patent/EP2282847B1/en,https://patentimages.storage.googleapis.com/5f/be/a3/5a89a255d98096/imgf0001.png
AU-2007264735-B2,Virus removal by nanofiltration ,Omrix Biopharmaceuticals Inc.,"Roni Mintz, Israel Nur",2006-06-26,2007-06-25,2012-11-08,2012-11-08,https://patents.google.com/patent/AU2007264735B2/en,
CN-104959284-A,Method and device for coating porous substrate with coating liquid ,"伊西康公司, 奥姆里克斯生物药品公司","C.戴, M.博恩, H-S.沙赫特, A.P.迪恩格利斯, 霍尔滕 R.W.范, D.卢尼, G.拉诺斯, 布兰德斯 A",2008-05-22,2008-05-22,2015-10-07,,https://patents.google.com/patent/CN104959284A/en,
IL-196045-A,Method for purifying a thrombin solution from infective particles ,Omrix Biopharmaceuticals Inc,,2006-06-26,2008-12-18,2015-04-30,,https://patents.google.com/patent/IL196045A/en,
